COMPANY_NAME,COUNTRY_NAME
AKER BIOMARINE AS,Argentina
ADRIATIC SEA FISH,Romania
ALBACORA GROUP,Ecuador
ALBACORA GROUP,Spain
ALDA SEAFOOD,Norway
AMERICAN SEAFOODS,Iceland
AMERICAN SEAFOODS,Norway
AMERICAN SEAFOODS,United States of America
AMUR CAVIAR,China
AMUR CAVIAR,Russian Federation
ANDFJORD SALMON AS,Norway
ANDREW MARR INTERNATIONAL LIMITED,Argentina
ANDREW MARR INTERNATIONAL LIMITED,Canada
ANDREW MARR INTERNATIONAL LIMITED,Chile
ANDREW MARR INTERNATIONAL LIMITED,China
ANDREW MARR INTERNATIONAL LIMITED,Ecuador
ANDREW MARR INTERNATIONAL LIMITED,Faroe Islands
ANDREW MARR INTERNATIONAL LIMITED,Iceland
ANDREW MARR INTERNATIONAL LIMITED,India
ANDREW MARR INTERNATIONAL LIMITED,Indonesia
ANDREW MARR INTERNATIONAL LIMITED,Ireland
ANDREW MARR INTERNATIONAL LIMITED,Japan
ANDREW MARR INTERNATIONAL LIMITED,Mauritania
ANDREW MARR INTERNATIONAL LIMITED,Morocco
ANDREW MARR INTERNATIONAL LIMITED,Namibia
ANDREW MARR INTERNATIONAL LIMITED,New Zealand
ANDREW MARR INTERNATIONAL LIMITED,Norway
ANDREW MARR INTERNATIONAL LIMITED,Oman
ANDREW MARR INTERNATIONAL LIMITED,Peru
ANDREW MARR INTERNATIONAL LIMITED,Republic of Korea
ANDREW MARR INTERNATIONAL LIMITED,Russian Federation
ANDREW MARR INTERNATIONAL LIMITED,Senegal
ANDREW MARR INTERNATIONAL LIMITED,South Africa
ANDREW MARR INTERNATIONAL LIMITED,Spain
ANDREW MARR INTERNATIONAL LIMITED,Sri Lanka
ANDREW MARR INTERNATIONAL LIMITED,Thailand
ANDREW MARR INTERNATIONAL LIMITED,United Kingdom
ANDREW MARR INTERNATIONAL LIMITED,United States of America
ANDREW MARR INTERNATIONAL LIMITED,Uruguay
ANDREW MARR INTERNATIONAL LIMITED,Viet Nam
ASIAN SEA CORP PUBLIC CO LTD,China
ASIAN SEA CORP PUBLIC CO LTD,Germany
ASIAN SEA CORP PUBLIC CO LTD,Thailand
ATUNSA,Spain
AUSTEVOLL SEAFOOD ASA,Chile
AUSTEVOLL SEAFOOD ASA,Denmark
AUSTEVOLL SEAFOOD ASA,Ireland
AUSTEVOLL SEAFOOD ASA,Norway
AUSTEVOLL SEAFOOD ASA,Peru
AUSTRAL FISHERIES,Australia
AUSTRALIS SEAFOODS SA,Chile
AVANTI FEEDS LIMITED,Bangladesh
AVANTI FEEDS LIMITED,India
BAC LIEU FISHERIES,Viet Nam
BAIYANG INVESTMENT GROUP INC,China
BAKKAFROST P/F,Denmark
BAKKAFROST P/F,Faroe Islands
BAKKAFROST P/F,Greenland
BAKKAFROST P/F,Iceland
BAKKAFROST P/F,Norway
BAKKAFROST P/F,United Kingdom
BAKKAFROST P/F,United States of America
BEAVER STREET FISHERIES,Bahamas
BEAVER STREET FISHERIES,United States of America
BIOMAR GROUP,Australia
BIOMAR GROUP,Chile
BIOMAR GROUP,China
BIOMAR GROUP,Costa Rica
BIOMAR GROUP,Denmark
BIOMAR GROUP,Finland
BIOMAR GROUP,France
BIOMAR GROUP,Germany
BIOMAR GROUP,Greece
BIOMAR GROUP,Italy
BIOMAR GROUP,Poland
BIOMAR GROUP,Russian Federation
BIOMAR GROUP,Spain
BIOMAR GROUP,Sweden
BIOMAR GROUP,United Kingdom
BIOMAR GROUP,Viet Nam
BLUMAR SA,Chile
BOLTON GROUP,France
BOLTON GROUP,Italy
BOLTON GROUP,Morocco
BOLTON GROUP,Solomon Islands
BOLTON GROUP,Spain
BREMNES SEASHORE,Norway
BRIGHT FOOD GROUP,Argentina
BRIGHT FOOD GROUP,China
BRIGHT FOOD GROUP,Kiribati
BRIGHT FOOD GROUP,Marshall Islands
BRIGHT FOOD GROUP,Spain
BRIM HF,Iceland
BRUNSWICK CORP,Australia
BRUNSWICK CORP,Canada
CAMIL ALIMENTOS,Brazil
CARGILL,Chile
CARGILL,China
CARGILL,Ecuador
CARGILL,India
CARGILL,Indonesia
CARGILL,Mexico
CARGILL,Norway
CARGILL,Thailand
CARGILL,United Kingdom
CARGILL,Viet Nam
CENTURY PACIFIC FOOD INC,Philippines
CERMAQ,Canada
CERMAQ,Chile
CERMAQ,Norway
CHAROEN POKPHAND FOODS,China
CHAROEN POKPHAND FOODS,India
CHAROEN POKPHAND FOODS,Malaysia
CHAROEN POKPHAND FOODS,Philippines
CHAROEN POKPHAND FOODS,Thailand
CHAROEN POKPHAND FOODS,United States of America
CHAROEN POKPHAND FOODS,Viet Nam
CHINA NATIONAL AGRICULTURAL DEVELOPMENT GROUP,Argentina
CHINA NATIONAL AGRICULTURAL DEVELOPMENT GROUP,Peru
CHINA NATIONAL FISHERIES CORPORATION,Ecuador
CHISHAN GROUP,Argentina
CHISHAN GROUP,China
CHISHAN GROUP,Peru
CHOKYUMARU SUISAN,Japan
CJ SEAFOOD,Republic of Korea
CLEAN SEAS SEAFOOD LIMITED,Australia
CLEARWATER SEAFOODS INC,Argentina
CLEARWATER SEAFOODS INC,Canada
CMC SEAFOOD,United States of America
CMC SEAFOOD,Viet Nam
CNFC OVERSEAS FISHERIES CO LTD,China
COAST SEAFOOD AS,Germany
COAST SEAFOOD AS,Norway
COMPANIA PESQUERA CAMANCHACA SA,Chile
COOKE,Argentina
COOKE,Australia
COOKE,Belgium
COOKE,Canada
COOKE,Chile
COOKE,France
COOKE,Honduras
COOKE,Nicaragua
COOKE,Spain
COOKE,United Kingdom
COOKE,United States of America
COOKE,Uruguay
CORNELIS VROLIJK,Netherlands
CORPESCA,Chile
CORPORACION EMPRESARIAL JEALSA SL,Brazil
CORPORACION EMPRESARIAL JEALSA SL,Guatemala
CORPORACION EMPRESARIAL JEALSA SL,Italy
CORPORACION EMPRESARIAL JEALSA SL,Portugal
CORPORACION EMPRESARIAL JEALSA SL,Spain
CP GROUP,China
CP GROUP,India
CP GROUP,Malaysia
CP GROUP,Philippines
CP GROUP,Thailand
CP GROUP,United States of America
CP GROUP,Viet Nam
CP PRIMA,India
CP PRIMA,Indonesia
CUULONG FISH,Viet Nam
DAHU AQUACULTURE COMPANY LIMITED,China
DAI-ICHI SUISAN CO LTD,Ecuador
DAI-ICHI SUISAN CO LTD,Japan
DAI-ICHI SUISAN CO LTD,Norway
DAI-ICHI SUISAN CO LTD,Republic of Korea
DAI-ICHI SUISAN CO LTD,United States of America
DAIREI,China
DAIREI,Japan
DAIREI,Republic of Korea
DAIREI,Taiwan
DAIREI,United States of America
DAISYO,Australia
DAISYO,Japan
DALIAN HAIYANGDAO AQUATIC PRODUCTS GROUP CO LTD,Australia
DALIAN HAIYANGDAO AQUATIC PRODUCTS GROUP CO LTD,Canada
DALIAN HAIYANGDAO AQUATIC PRODUCTS GROUP CO LTD,China
DALIAN HAIYANGDAO AQUATIC PRODUCTS GROUP CO LTD,Japan
DALIAN HAIYANGDAO AQUATIC PRODUCTS GROUP CO LTD,United States of America
DALIAN RICH,China
DALIAN RICH,United States of America
DALIAN TIANBAO GREEN FOODS,China
DE BOER,Norway
DHARMA SAMUDERA,Indonesia
DONGWON INDUSTRIES CO LTD,Ecuador
DONGWON INDUSTRIES CO LTD,Japan
DONGWON INDUSTRIES CO LTD,New Zealand
DONGWON INDUSTRIES CO LTD,Republic of Korea
DONGWON INDUSTRIES CO LTD,Senegal
DONGWON INDUSTRIES CO LTD,United States of America
DUA PUTRA,Indonesia
EAST COAST SEAFOOD,Canada
EAST COAST SEAFOOD,China
EAST COAST SEAFOOD,Japan
EAST COAST SEAFOOD,Peru
EAST COAST SEAFOOD,United States of America
EMPRESA PESQUERA EPERVA SA,Chile
EMPRESAS AQUACHILE SA,Chile
EMPRESAS AQUACHILE SA,Costa Rica
EMPRESAS AQUACHILE SA,United States of America
EXPALSA,Ecuador
FCF CO LTD,Ghana
FCF CO LTD,Papua New Guinea
FCF CO LTD,Taiwan
FEED ONE CO LTD,India
FEED ONE CO LTD,Japan
FF SKAGEN AS,Denmark
FIORITAL SPA,Ecuador
FIORITAL SPA,Italy
FIORITAL SPA,Norway
FISHECUADOR,Ecuador
FLORIDIENNE,Belgium
FLORIDIENNE,France
FLORIDIENNE,Lithuania
FLORIDIENNE,Romania
FOR GROUP,Russian Federation
FRABELLE GROUP,Papua New Guinea
FRABELLE GROUP,Philippines
FRINSA DEL NOROESTE,Spain
FUHUANG GROUP,China
FUHUANG GROUP,Republic of Korea
FUHUANG GROUP,Russian Federation
FUHUANG GROUP,United States of America
FUJIAN MINWEI INDUSTRY CO LTD,China
FUJIAN TIANMA SCIENCE AND TECHNOLOGY GROUP CO LTD,China
FUJIAN TIANMA SCIENCE AND TECHNOLOGY GROUP CO LTD,Japan
FUJIAN ZHENGGUAN FISHERIES,China
FUKUICHI,Ecuador
FUKUICHI,Japan
FUQING ZHAOHUA AQUATIC FOOD,China
GENERAL OYSTER,Japan
GIDROSTROY,Russian Federation
GLOBAL FOOD CORP,China
GLOBAL FOOD CORP,Japan
GLOBAL FOOD CORP,Senegal
GLOBAL FOOD CORP,United States of America
GLOBAL FOOD CORP,Viet Nam
GOSHOKU CO LTD,China
GOSHOKU CO LTD,Japan
GREENLAND SEAFOOD EUROPE GMBH,Greenland
GRIEG SEAFOOD ASA,Canada
GRIEG SEAFOOD ASA,Norway
GRUPO BUITRAGO,Colombia
GRUPO BUITRAGO,Ecuador
GRUPO BUITRAGO,Peru
GRUPO CIMERA,Ecuador
GRUPO PEZATUN,Ecuador
GRUPO PINSA,Ecuador
GRUPO PINSA,Mexico
GRUPO PROFAND SL,Spain
GRUPOMAR,Mexico
GRUPOMAR,Senegal
GST GROUP,Malaysia
GUANGDONG HAID GROUP CO LTD,China
GUANGDONG HAID GROUP CO LTD,Indonesia
GUANGDONG HAID GROUP CO LTD,Viet Nam
GUANGDONG HAVWII AQUACULTURE CO LTD,China
GUANGDONG YUEHAI FEEDS GROUP,China
GUANGDONG YUEHAI FEEDS GROUP,Viet Nam
H&N GROUP,Canada
H&N GROUP,Ecuador
H&N GROUP,New Zealand
H&N GROUP,United States of America
H&N GROUP,Viet Nam
HAGOROMO FOODS,Indonesia
HAGOROMO FOODS,Japan
HAINAN ZHONGZHENG AQUATIC SCIENCE AND TECHNOLOGY CO LTD,China
HAIYANG HUANGHAI FISHERIES CO LTD,China
HAMADA SUISAN,Japan
HAMAKO SUISAN,France
HAMAKO SUISAN,Iceland
HAMAKO SUISAN,Indonesia
HAMAKO SUISAN,Ireland
HAMAKO SUISAN,Japan
HAMAKO SUISAN,Malta
HAMAKO SUISAN,Mauritius
HAMAKO SUISAN,Panama
HAMAKO SUISAN,Singapore
HAMAKO SUISAN,South Africa
HAMAKO SUISAN,United Kingdom
HAMAKO SUISAN,United States of America
HANSUNG ENTERPRISE CO LTD,Argentina
HANSUNG ENTERPRISE CO LTD,Republic of Korea
HANSUNG ENTERPRISE CO LTD,Russian Federation
HE SHI SHUI CHAN,China
HIGASHIMARU INTERNATIONAL CORP,China
HIGASHIMARU INTERNATIONAL CORP,Denmark
HIGASHIMARU INTERNATIONAL CORP,Ecuador
HIGASHIMARU INTERNATIONAL CORP,India
HIGASHIMARU INTERNATIONAL CORP,Indonesia
HIGASHIMARU INTERNATIONAL CORP,Japan
HIGASHIMARU INTERNATIONAL CORP,Mexico
HIGASHIMARU INTERNATIONAL CORP,Myanmar
HIGASHIMARU INTERNATIONAL CORP,Norway
HIGASHIMARU INTERNATIONAL CORP,Pakistan
HIGASHIMARU INTERNATIONAL CORP,Peru
HIGASHIMARU INTERNATIONAL CORP,Thailand
HIGASHIMARU INTERNATIONAL CORP,United Kingdom
HIGASHIMARU INTERNATIONAL CORP,United States of America
HIGASHIMARU INTERNATIONAL CORP,Viet Nam
HIGH LINER FOODS INCORPORATED,Canada
HIGH LINER FOODS INCORPORATED,Ecuador
HIGH LINER FOODS INCORPORATED,New Zealand
HIGH LINER FOODS INCORPORATED,United States of America
HILTON FOODS,Denmark
HILTON FOODS,Greece
HILTON FOODS,Netherlands
HILTON FOODS,New Zealand
HILTON FOODS,United Kingdom
HILTON FOODS,United States of America
HUBEI FISHERIES GROUP CO LTD,China
HUNG VUONG,Viet Nam
IBÉRICA DE CONGELADOS SA,Argentina
IBÉRICA DE CONGELADOS SA,Namibia
IBÉRICA DE CONGELADOS SA,South Africa
IBÉRICA DE CONGELADOS SA,Viet Nam
ICE FRESH SEAFOOD EHF,Iceland
ICELAND SEAFOOD INTERNATIONAL HF,Argentina
ICELAND SEAFOOD INTERNATIONAL HF,Iceland
ICELAND SEAFOOD INTERNATIONAL HF,Ireland
ICELAND SEAFOOD INTERNATIONAL HF,Spain
ICELANDIC GROUP,China
ICELANDIC GROUP,Denmark
ICELANDIC GROUP,Iceland
ICELANDIC GROUP,Ireland
ICELANDIC GROUP,Japan
ICELANDIC GROUP,Norway
ICELANDIC GROUP,Spain
ICHIMASA KAMABOKO CO LTD,Indonesia
ICHIMASA KAMABOKO CO LTD,United States of America
IMURAYA GROUP CORP LIMITED,China
IMURAYA GROUP CORP LIMITED,Japan
IMURAYA GROUP CORP LIMITED,Malaysia
IMURAYA GROUP CORP LIMITED,United States of America
INDUSTRIAL PESQUERA SANTA PRISCILA,Ecuador
INDUSTRIAL PESQUERA SANTA PRISCILA,Peru
INEPACA,Ecuador
ITOCHU,Indonesia
ITOCHU,Japan
J & J DENHOLM LTD,United Kingdom
JAPFA COMFEED,Indonesia
JINGHAI GROUP CO LTD,China
JINGHAI GROUP CO LTD,Ecuador
JINZAI FOOD,China
JINZAI FOOD,Kenya
KABUSHIKI USUFUKU HONTEN,Ireland
KABUSHIKI USUFUKU HONTEN,Japan
KABUSHIKI USUFUKU HONTEN,South Africa
KABUSHIKI USUFUKU HONTEN,Spain
KAIHAN,Japan
KAKIYASU HONTEN,Japan
KALDVIK AS,Iceland
KANEDAI CO LTD,China
KANEDAI CO LTD,Japan
KANEDAI CO LTD,Namibia
KANEDAI CO LTD,Viet Nam
KANGAMIUT GROUP,Denmark
KIEN HUNG JOINT STOCK COMPANY VN (KIHUSEA VN),Viet Nam
KONGPHOP FROZEN FOODS CO LTD,Thailand
KYOKUYO CO LTD,Canada
KYOKUYO CO LTD,Japan
LABEYRIE FINE FOODS,Belgium
LABEYRIE FINE FOODS,Canada
LABEYRIE FINE FOODS,France
LABEYRIE FINE FOODS,Netherlands
LABEYRIE FINE FOODS,Spain
LABEYRIE FINE FOODS,United Kingdom
LABEYRIE FINE FOODS,United States of America
LEROY SEAFOOD,Denmark
LEROY SEAFOOD,Finland
LEROY SEAFOOD,France
LEROY SEAFOOD,Italy
LEROY SEAFOOD,Netherlands
LEROY SEAFOOD,Norway
LEROY SEAFOOD,Portugal
LEROY SEAFOOD,Spain
LEROY SEAFOOD,Sweden
LEROY SEAFOOD,United Kingdom
LIANCHENG OVERSEAS FISHERIES,China
LIANCHENG OVERSEAS FISHERIES,Cook Islands
LIANCHENG OVERSEAS FISHERIES,Ecuador
LIANCHENG OVERSEAS FISHERIES,Hong Kong SAR
LIANCHENG OVERSEAS FISHERIES,Marshall Islands
LIANCHENG OVERSEAS FISHERIES,Micronesia
LIANCHENG OVERSEAS FISHERIES,Palau
LIANCHENG OVERSEAS FISHERIES,Samoa
LIANCHENG OVERSEAS FISHERIES,United States of America
LIYANG COMPANY,China
MARINE FARM,Chile
MARINE FARM,United States of America
MARR SPA,Argentina
MARR SPA,India
MARR SPA,Italy
MARR SPA,Mexico
MARR SPA,United States of America
MARS INC,Thailand
MARUBENI,Denmark
MARUBENI,Japan
MARUBENI,United States of America
MARUDAI FOOD,Japan
MARUHA NICHIRO CORP,Australia
MARUHA NICHIRO CORP,Japan
MARUHA NICHIRO CORP,Micronesia
MARUHA NICHIRO CORP,Peru
MARUHA NICHIRO CORP,United States of America
MARUICHI SANSHO CO LTD,Japan
MEKONG FISHERIES,Viet Nam
MINH PHU SEAFOOD CORP,Australia
MINH PHU SEAFOOD CORP,Canada
MINH PHU SEAFOOD CORP,China
MINH PHU SEAFOOD CORP,Japan
MINH PHU SEAFOOD CORP,New Zealand
MINH PHU SEAFOOD CORP,Republic of Korea
MINH PHU SEAFOOD CORP,United States of America
MINH PHU SEAFOOD CORP,Viet Nam
MITSUBISHI,Canada
MITSUBISHI,Chile
MITSUBISHI,China
MITSUBISHI,Finland
MITSUBISHI,Japan
MITSUBISHI,Mauritius
MITSUBISHI,Norway
MITSUBISHI,United Kingdom
MITSUI,Chile
MITSUI,China
MITSUI,Denmark
MITSUI,Ecuador
MITSUI,Faroe Islands
MITSUI,India
MITSUI,Indonesia
MITSUI,Japan
MITSUI,Mauritania
MITSUI,Myanmar
MITSUI,Norway
MITSUI,Peru
MITSUI,Russian Federation
MITSUI,Sri Lanka
MITSUI,Thailand
MITSUI,United Kingdom
MITSUI,United States of America
MITSUI,Viet Nam
MOWI ASA,Belgium
MOWI ASA,Canada
MOWI ASA,Chile
MOWI ASA,China
MOWI ASA,Faroe Islands
MOWI ASA,France
MOWI ASA,Ireland
MOWI ASA,Japan
MOWI ASA,Norway
MOWI ASA,Poland
MOWI ASA,Taiwan
MOWI ASA,United Kingdom
MOWI ASA,United States of America
MULTIEXPORT DOS SA,Chile
MURRAY COD AUSTRALIA LIMITED,Australia
MURRAY COD AUSTRALIA LIMITED,Hong Kong SAR
MURRAY COD AUSTRALIA LIMITED,Japan
MURRAY COD AUSTRALIA LIMITED,United Kingdom
MURRAY COD AUSTRALIA LIMITED,United States of America
NAM VIET CORP,Viet Nam
NATORI CO LTD,China
NATORI CO LTD,Japan
NATORI CO LTD,Peru
NAUTERRA,Brazil
NAUTERRA,Ecuador
NAUTERRA,Spain
NBAMR,Iceland
NBAMR,United Kingdom
NBAMR,United States of America
NEGOCIOS INDUSTRIALES REAL NIRSA SA,Ecuador
NESTLE,Australia
NESTLE,Austria
NESTLE,Brazil
NESTLE,Chile
NESTLE,Colombia
NESTLE,Denmark
NESTLE,Ecuador
NESTLE,Faroe Islands
NESTLE,France
NESTLE,Iceland
NESTLE,Ireland
NESTLE,Italy
NESTLE,Mexico
NESTLE,Norway
NESTLE,Poland
NESTLE,Russian Federation
NESTLE,Thailand
NESTLE,United Kingdom
NESTLE,United States of America
NEW ENGLAND SEAFOOD,Iceland
NEW ENGLAND SEAFOOD,Norway
NEW ENGLAND SEAFOOD,Republic of Korea
NEW ENGLAND SEAFOOD,United Kingdom
NEW ENGLAND SEAFOOD,United States of America
NEW ZEALAND KING SALMON INVESTMENTS,New Zealand
NEW ZEALAND KING SALMON INVESTMENTS,United States of America
NICHIMO CO LTD,Japan
NICHIREI,Japan
NICHIREI,Viet Nam
NIPPON SUISAN KAISHA,Chile
NIPPON SUISAN KAISHA,France
NIPPON SUISAN KAISHA,Japan
NIPPON SUISAN KAISHA,United States of America
NISHIMOTO CO LTD,Canada
NISHIMOTO CO LTD,Japan
NISHIMOTO CO LTD,United States of America
NITTO SEIMO,Indonesia
NITTO SEIMO,Japan
NOMAD FOODS,Austria
NOMAD FOODS,Belgium
NOMAD FOODS,Bosnia and Herzegovina
NOMAD FOODS,Cameroon
NOMAD FOODS,China
NOMAD FOODS,Croatia
NOMAD FOODS,Finland
NOMAD FOODS,France
NOMAD FOODS,Germany
NOMAD FOODS,Hungary
NOMAD FOODS,Ireland
NOMAD FOODS,Italy
NOMAD FOODS,Montenegro
NOMAD FOODS,Netherlands
NOMAD FOODS,North Macedonia
NOMAD FOODS,Norway
NOMAD FOODS,Poland
NOMAD FOODS,Portugal
NOMAD FOODS,Russian Federation
NOMAD FOODS,Serbia
NOMAD FOODS,Slovenia
NOMAD FOODS,Spain
NOMAD FOODS,Sweden
NOMAD FOODS,Switzerland
NOMAD FOODS,United Kingdom
NOMAD FOODS,United States of America
NOMAD FOODS,Viet Nam
NORCOD AS,Norway
NORCOD AS,Sweden
NORDLAKS HOLDING AS,Norway
NOREBO,Russian Federation
NORGES RÅFISKLAG SA,Norway
NORSK SJOMAT ASA,Japan
NORSK SJOMAT ASA,Norway
NORSK SJOMAT ASA,United States of America
NOSUI CORP,Japan
NOSUI CORP,Republic of Korea
NOSUI CORP,Russian Federation
NOVA AUSTRAL,Chile
NTACO CORP,Viet Nam
NUEVA PESCANOVA,Angola
NUEVA PESCANOVA,Argentina
NUEVA PESCANOVA,Ecuador
NUEVA PESCANOVA,France
NUEVA PESCANOVA,Guatemala
NUEVA PESCANOVA,India
NUEVA PESCANOVA,Ireland
NUEVA PESCANOVA,Mozambique
NUEVA PESCANOVA,Namibia
NUEVA PESCANOVA,Nicaragua
NUEVA PESCANOVA,Spain
NUEVA PESCANOVA,United States of America
NUEVA PESCANOVA,Uruguay
NUTRECO NV,Norway
OCEAN BEAUTY SEAFOODS,Japan
OCEAN BEAUTY SEAFOODS,United States of America
OCEAN HARVEST TECHNOLOGY,Ireland
OCEAN HARVEST TECHNOLOGY,United Kingdom
OCEAN HARVEST TECHNOLOGY,Viet Nam
OCEANA GROUP LIMITED,Namibia
OCEANA GROUP LIMITED,South Africa
OCEANA GROUP LIMITED,United States of America
OKEANRYBFLOT,Russian Federation
OLD CHANG KEE LTD,Malaysia
OLD CHANG KEE LTD,Singapore
OMARSA,Ecuador
OPERADORA Y PROCESADORA DE PRODUCTOS MARINOS OMARSA SA,Ecuador
ORCA BAY,China
ORCA BAY,Taiwan
ORCA BAY,United States of America
OUG HOLDINGS INC,Japan
OYANG CORP,Ecuador
OYANG CORP,New Zealand
OYANG CORP,Republic of Korea
PACIFIC SEAFOOD,Canada
PACIFIC SEAFOOD,United States of America
PACIFICAL,Kiribati
PACIFICAL,Marshall Islands
PACIFICAL,Micronesia
PACIFICAL,Nauru
PACIFICAL,Palau
PACIFICAL,Papua New Guinea
PACIFICAL,Solomon Islands
PACIFICAL,Tokelau
PACIFICAL,Tuvalu
PAN FISH (SHANGHAI) LTD,China
PAN GROUP JSC,Viet Nam
PARLEVLIET & VAN DER PLAS,Canada
PARLEVLIET & VAN DER PLAS,Chile
PARLEVLIET & VAN DER PLAS,China
PARLEVLIET & VAN DER PLAS,Czech Republic
PARLEVLIET & VAN DER PLAS,Côte d'Ivoire
PARLEVLIET & VAN DER PLAS,Denmark
PARLEVLIET & VAN DER PLAS,Ecuador
PARLEVLIET & VAN DER PLAS,Finland
PARLEVLIET & VAN DER PLAS,France
PARLEVLIET & VAN DER PLAS,Germany
PARLEVLIET & VAN DER PLAS,Greece
PARLEVLIET & VAN DER PLAS,Greenland
PARLEVLIET & VAN DER PLAS,Guatemala
PARLEVLIET & VAN DER PLAS,Guyana
PARLEVLIET & VAN DER PLAS,Honduras
PARLEVLIET & VAN DER PLAS,Iceland
PARLEVLIET & VAN DER PLAS,India
PARLEVLIET & VAN DER PLAS,Indonesia
PARLEVLIET & VAN DER PLAS,Ireland
PARLEVLIET & VAN DER PLAS,Italy
PARLEVLIET & VAN DER PLAS,Japan
PARLEVLIET & VAN DER PLAS,Lithuania
PARLEVLIET & VAN DER PLAS,Madagascar
PARLEVLIET & VAN DER PLAS,Mexico
PARLEVLIET & VAN DER PLAS,Morocco
PARLEVLIET & VAN DER PLAS,Namibia
PARLEVLIET & VAN DER PLAS,Netherlands
PARLEVLIET & VAN DER PLAS,Nicaragua
PARLEVLIET & VAN DER PLAS,Norway
PARLEVLIET & VAN DER PLAS,Poland
PARLEVLIET & VAN DER PLAS,South Africa
PARLEVLIET & VAN DER PLAS,Suriname
PARLEVLIET & VAN DER PLAS,United Kingdom
PARLEVLIET & VAN DER PLAS,United States of America
PARLEVLIET & VAN DER PLAS,Venezuela
PARLEVLIET & VAN DER PLAS,Viet Nam
PESQUERA EXALMAR SA,Peru
PHARMAQ LTD,Canada
PHARMAQ LTD,Chile
PHARMAQ LTD,Colombia
PHARMAQ LTD,Ireland
PHARMAQ LTD,Norway
PHARMAQ LTD,United Kingdom
PHARMAQ LTD,Viet Nam
PINGTAIRONG OCEAN FISHERIES,China
PINGTAIRONG OCEAN FISHERIES,Ecuador
PINGTAN MARINE ENTERPRISE,China
PINGTAN MARINE ENTERPRISE,Ecuador
PINGTAN MARINE ENTERPRISE,India
POLAR SEAFOOD,Denmark
POLAR SEAFOOD,Greenland
PP PRIME PUBLIC COMPANY LIMITED,Thailand
PRINCES,Ecuador
PRINCES,Maldives
PRINCES,Mauritius
PRINCES,Morocco
PRINCES,New Zealand
PRINCES,Senegal
PRINCES,United States of America
PROGIFT,China
PROXIMAR SEAFOOD AS,Iceland
PROXIMAR SEAFOOD AS,Japan
PROXIMAR SEAFOOD AS,Norway
PT ANEKA TUNA INDONESIA,Ecuador
PT ANEKA TUNA INDONESIA,Indonesia
PT BALI MAYA PERMAI,Indonesia
PT BALI MAYA PERMAI,United States of America
PT BUMI MENARA INTERNUSA (BMI),Indonesia
PT INTI LAUTAN FAJAR ABADI TBK (ILFA),Indonesia
PT NUTRINDO FRESFOOD,Indonesia
PT SEKAR BUMI TBK,Indonesia
PT SEKAR BUMI TBK,United States of America
PT SINAR PURE FOODS INTERNATIONAL (SPFI),Indonesia
QINGDAO OCEAN FISHERY,China
QL RESOURCES,Indonesia
QL RESOURCES,Malaysia
RARE FOOD AUSTRALIA,Australia
RED CHAMBER,Argentina
RONGCHENG OCEAN FISHERIES,China
RONGCHENG PUCHEN AQUATIC CO LTD,Argentina
RONGCHENG PUCHEN AQUATIC CO LTD,China
RONGCHENG PUCHEN AQUATIC CO LTD,New Zealand
RONGCHENG PUCHEN AQUATIC CO LTD,Peru
RONGCHENG YONGJIN AQUATIC,China
ROYAL GREENLAND AS,Canada
ROYAL GREENLAND AS,Denmark
ROYAL GREENLAND AS,Greenland
RUSSKAYA RYBNAYA KOMPANIYA ZAO,Russian Federation
SAJODAERIM CORP,Republic of Korea
SALMAR ASA,Iceland
SALMAR ASA,Norway
SALMAR ASA,United Kingdom
SAMHERJI LTD,Iceland
SAMHERJI LTD,Norway
SAMHERJI LTD,United Kingdom
SAMUELS AND SON,United States of America
SANFORD LIMITED,Australia
SANFORD LIMITED,New Zealand
SANTA MONICA,United States of America
SAO MAI GROUP CORPORATION,Brazil
SAO MAI GROUP CORPORATION,China
SAO MAI GROUP CORPORATION,Egypt
SAO MAI GROUP CORPORATION,Mexico
SAO MAI GROUP CORPORATION,United States of America
SAO MAI GROUP CORPORATION,Viet Nam
SAO TA FOODS JOINT STOCK COMPANY,Viet Nam
SAPMER,France
SAPMER,Mauritius
SEA HARVEST GROUP LTD,Australia
SEA HARVEST GROUP LTD,South Africa
SEA VALUE PUBLIC LIMITED COMPANY,Thailand
SEABORN AS,Iceland
SEABORN AS,Norway
SEAFARMS GROUP LIMITED,Australia
SEAFOOD JSC NUMBER 4,Viet Nam
SEAFRESH GROUP,Thailand
SEAFRESH GROUP,United Kingdom
SEALASKA,Iceland
SEALASKA,United Kingdom
SEALASKA,United States of America
SEALORD GROUP,Australia
SEALORD GROUP,New Zealand
SEAWEED ENERGY SOLUTIONS,Norway
SEAWEED ENERGY SOLUTIONS,Portugal
SHANDONG MARINE GROUP,China
SHANDONG ORIENTAL OCEAN TECHNOLOGY CO LTD,China
SHANDONG ZHONGLU OCEANIC FISHERIES,China
SHANDONG ZHONGLU OCEANIC FISHERIES,Ghana
SHANGDONG MEIJIA GROUP CO LTD,Argentina
SHANGDONG MEIJIA GROUP CO LTD,China
SHANGDONG MEIJIA GROUP CO LTD,United States of America
SHANGHAI KAICHUANG MARINE INTERNATIONAL CO LTD,Chile
SHENZHEN LIANCHENG OVERSEAS FISHERIES,China
SHENZHEN LIANCHENG OVERSEAS FISHERIES,Cook Islands
SHENZHEN LIANCHENG OVERSEAS FISHERIES,Ecuador
SHENZHEN LIANCHENG OVERSEAS FISHERIES,Japan
SHENZHEN LIANCHENG OVERSEAS FISHERIES,Micronesia
SHENZHEN LIANCHENG OVERSEAS FISHERIES,Palau
SHENZHEN LIANCHENG OVERSEAS FISHERIES,United States of America
SHINYEI KAISHA,Japan
SHOWA SANGYO CO LTD,Japan
SIGMA MARINE TECHNOLOGY,Russian Federation
SILLA CO LTD,Ecuador
SILLA CO LTD,Ghana
SILLA CO LTD,Kiribati
SILLA CO LTD,Nauru
SILLA CO LTD,Republic of Korea
SINKABERG-HANSEN AS,Norway
SIRENA GROUP,Canada
SIRENA GROUP,Denmark
SIRENA GROUP,Faroe Islands
SIRENA GROUP,Greenland
SIRENA GROUP,Iceland
SIRENA GROUP,Norway
SKRETTING AS,Australia
SKRETTING AS,Canada
SKRETTING AS,Chile
SKRETTING AS,China
SKRETTING AS,Ecuador
SKRETTING AS,France
SKRETTING AS,Honduras
SKRETTING AS,India
SKRETTING AS,Italy
SKRETTING AS,Norway
SKRETTING AS,Peru
SKRETTING AS,United States of America
SKRETTING AS,Viet Nam
SOJITZ,Australia
SOJITZ,Canada
SOJITZ,Chile
SOJITZ,China
SOJITZ,Japan
SOJITZ,Mexico
SOJITZ,Russian Federation
SOJITZ,Singapore
SOJITZ,Thailand
SOJITZ,United Kingdom
SOJITZ,Viet Nam
SURAPON FOODS,Thailand
TASSAL GROUP LIMITED,Australia
TECH-BANK FOOD CO LTD (TIANBANG FOOD CO LTD),China
THAI UNION GROUP PUBLIC COMPANY LIMITED,Argentina
THAI UNION GROUP PUBLIC COMPANY LIMITED,Australia
THAI UNION GROUP PUBLIC COMPANY LIMITED,Bahamas
THAI UNION GROUP PUBLIC COMPANY LIMITED,Bangladesh
THAI UNION GROUP PUBLIC COMPANY LIMITED,Brazil
THAI UNION GROUP PUBLIC COMPANY LIMITED,Canada
THAI UNION GROUP PUBLIC COMPANY LIMITED,Cape Verde
THAI UNION GROUP PUBLIC COMPANY LIMITED,Chile
THAI UNION GROUP PUBLIC COMPANY LIMITED,China
THAI UNION GROUP PUBLIC COMPANY LIMITED,Cook Islands
THAI UNION GROUP PUBLIC COMPANY LIMITED,Costa Rica
THAI UNION GROUP PUBLIC COMPANY LIMITED,Côte d'Ivoire
THAI UNION GROUP PUBLIC COMPANY LIMITED,Denmark
THAI UNION GROUP PUBLIC COMPANY LIMITED,Ecuador
THAI UNION GROUP PUBLIC COMPANY LIMITED,Egypt
THAI UNION GROUP PUBLIC COMPANY LIMITED,Estonia
THAI UNION GROUP PUBLIC COMPANY LIMITED,Faroe Islands
THAI UNION GROUP PUBLIC COMPANY LIMITED,Finland
THAI UNION GROUP PUBLIC COMPANY LIMITED,France
THAI UNION GROUP PUBLIC COMPANY LIMITED,Germany
THAI UNION GROUP PUBLIC COMPANY LIMITED,Ghana
THAI UNION GROUP PUBLIC COMPANY LIMITED,Greenland
THAI UNION GROUP PUBLIC COMPANY LIMITED,Guyana
THAI UNION GROUP PUBLIC COMPANY LIMITED,Honduras
THAI UNION GROUP PUBLIC COMPANY LIMITED,Iceland
THAI UNION GROUP PUBLIC COMPANY LIMITED,India
THAI UNION GROUP PUBLIC COMPANY LIMITED,Indonesia
THAI UNION GROUP PUBLIC COMPANY LIMITED,Ireland
THAI UNION GROUP PUBLIC COMPANY LIMITED,Jamaica
THAI UNION GROUP PUBLIC COMPANY LIMITED,Japan
THAI UNION GROUP PUBLIC COMPANY LIMITED,Kiribati
THAI UNION GROUP PUBLIC COMPANY LIMITED,Latvia
THAI UNION GROUP PUBLIC COMPANY LIMITED,Malaysia
THAI UNION GROUP PUBLIC COMPANY LIMITED,Maldives
THAI UNION GROUP PUBLIC COMPANY LIMITED,Marshall Islands
THAI UNION GROUP PUBLIC COMPANY LIMITED,Mauritania
THAI UNION GROUP PUBLIC COMPANY LIMITED,Mexico
THAI UNION GROUP PUBLIC COMPANY LIMITED,Micronesia
THAI UNION GROUP PUBLIC COMPANY LIMITED,Morocco
THAI UNION GROUP PUBLIC COMPANY LIMITED,Myanmar
THAI UNION GROUP PUBLIC COMPANY LIMITED,Namibia
THAI UNION GROUP PUBLIC COMPANY LIMITED,Nauru
THAI UNION GROUP PUBLIC COMPANY LIMITED,Netherlands
THAI UNION GROUP PUBLIC COMPANY LIMITED,New Zealand
THAI UNION GROUP PUBLIC COMPANY LIMITED,Nicaragua
THAI UNION GROUP PUBLIC COMPANY LIMITED,Norway
THAI UNION GROUP PUBLIC COMPANY LIMITED,Oman
THAI UNION GROUP PUBLIC COMPANY LIMITED,Pakistan
THAI UNION GROUP PUBLIC COMPANY LIMITED,Palau
THAI UNION GROUP PUBLIC COMPANY LIMITED,Panama
THAI UNION GROUP PUBLIC COMPANY LIMITED,Papua New Guinea
THAI UNION GROUP PUBLIC COMPANY LIMITED,Peru
THAI UNION GROUP PUBLIC COMPANY LIMITED,Philippines
THAI UNION GROUP PUBLIC COMPANY LIMITED,Poland
THAI UNION GROUP PUBLIC COMPANY LIMITED,Portugal
THAI UNION GROUP PUBLIC COMPANY LIMITED,Republic of Korea
THAI UNION GROUP PUBLIC COMPANY LIMITED,Russian Federation
THAI UNION GROUP PUBLIC COMPANY LIMITED,Senegal
THAI UNION GROUP PUBLIC COMPANY LIMITED,Seychelles
THAI UNION GROUP PUBLIC COMPANY LIMITED,Solomon Islands
THAI UNION GROUP PUBLIC COMPANY LIMITED,South Africa
THAI UNION GROUP PUBLIC COMPANY LIMITED,Spain
THAI UNION GROUP PUBLIC COMPANY LIMITED,Sri Lanka
THAI UNION GROUP PUBLIC COMPANY LIMITED,Sweden
THAI UNION GROUP PUBLIC COMPANY LIMITED,Taiwan
THAI UNION GROUP PUBLIC COMPANY LIMITED,Thailand
THAI UNION GROUP PUBLIC COMPANY LIMITED,Tokelau
THAI UNION GROUP PUBLIC COMPANY LIMITED,Tuvalu
THAI UNION GROUP PUBLIC COMPANY LIMITED,United Kingdom
THAI UNION GROUP PUBLIC COMPANY LIMITED,United States of America
THAI UNION GROUP PUBLIC COMPANY LIMITED,Venezuela
THAI UNION GROUP PUBLIC COMPANY LIMITED,Viet Nam
THE FISHIN COMPANY,Canada
THE FISHIN COMPANY,Chile
THE FISHIN COMPANY,China
THE FISHIN COMPANY,India
THE FISHIN COMPANY,Russian Federation
THE FISHIN COMPANY,United Kingdom
THE FISHIN COMPANY,United States of America
THUAN PHUOC FISHERIES AND TRADING JOINT STOCK COMPANY,Viet Nam
TIANJIN CHIA TAI,China
TOHTO SUISAN CO LTD,Japan
TOKYO ICHIBAN FOODS,Japan
TOKYO ICHIBAN FOODS,United States of America
TONGWEI FOOD,China
TOYO SUISAN KAISHA LIMITED,Japan
TOYO SUISAN KAISHA LIMITED,United States of America
TRIDENT SEAFOODS,Brazil
TRIDENT SEAFOODS,China
TRIDENT SEAFOODS,France
TRIDENT SEAFOODS,Georgia
TRIDENT SEAFOODS,Germany
TRIDENT SEAFOODS,Japan
TRIDENT SEAFOODS,Mexico
TRIDENT SEAFOODS,Netherlands
TRIDENT SEAFOODS,United States of America
TRIPLENINE GROUP AS,Denmark
TSP LIVESTOCK AND DEVELOPMENT CORP,Japan
TSP LIVESTOCK AND DEVELOPMENT CORP,Papua New Guinea
TSP LIVESTOCK AND DEVELOPMENT CORP,Philippines
TSP LIVESTOCK AND DEVELOPMENT CORP,Thailand
TSP LIVESTOCK AND DEVELOPMENT CORP,Viet Nam
TSUKIJI UOICHIBA COMPANY LIMITED,Japan
UOKI,Japan
UORIKI,Hong Kong SAR
UORIKI,Japan
UORIKI,Thailand
UORIKI,United States of America
VICIUNAI UAB,Lithuania
VINH HOAN CORP,China
VINH HOAN CORP,United States of America
VINH HOAN CORP,Viet Nam
WOOSUNG FEED CO LTD,Republic of Korea
WOOSUNG FEED CO LTD,Viet Nam
WORLD FISHING COMPANY,Argentina
XINJIAN GROUP,China
XINJIANG TIANYUN ORGANIC AGRICULTURE CO LTD,China
XINJIANG TIANYUN ORGANIC AGRICULTURE CO LTD,Denmark
XINJIANG TIANYUN ORGANIC AGRICULTURE CO LTD,Kazakhstan
XINJIANG TIANYUN ORGANIC AGRICULTURE CO LTD,United States of America
YAMAE HISANO CO LTD,Japan
YOKOHAMA GYORUI,Japan
YOKOHAMA MARUUO CO LTD,Japan
YONKYU CO LTD,China
YONKYU CO LTD,Japan
YONKYU CO LTD,Republic of Korea
YOSHIMURA FOOD HOLDINGS KK,Japan
YOUNG'S SEAFOOD LTD,United Kingdom
YUTAKA FOODS CORP,Japan
ZHANJIANG GUOLIAN AQUATIC PRODUCTS CO LTD,Argentina
ZHANJIANG GUOLIAN AQUATIC PRODUCTS CO LTD,China
ZHANJIANG GUOLIAN AQUATIC PRODUCTS CO LTD,New Zealand
ZHANJIANG GUOLIAN AQUATIC PRODUCTS CO LTD,Saudi Arabia
ZHANJIANG GUOLIAN AQUATIC PRODUCTS CO LTD,United States of America
ZHEJIANG OCEAN FAMILY,Argentina
ZHEJIANG OCEAN FAMILY,China
ZHEJIANG OCEAN FAMILY,Ecuador
ZHEJIANG OCEAN FAMILY,Japan
ZHEJIANG OCEAN FAMILY,Kiribati
ZHEJIANG OCEAN FAMILY,United States of America
ZHEJIANG XINGWANG AQUATIC GROUP CO LTD,China
ZHEJIANG XINGWANG AQUATIC GROUP CO LTD,Malaysia
ZHEJIANG XINGWANG AQUATIC GROUP CO LTD,Republic of Korea
ZHEJIANG ZHOUPU OCEAN FISHERIES,Argentina
ZHEJIANG ZHOUPU OCEAN FISHERIES,Peru
ZHONGSHAN PRESIDENT ENTERPRISES CO LTD,China
ZHONGYANG GROUP,China
ZHONGYANG GROUP,Ecuador
ZHONGYANG GROUP,Hong Kong SAR
ZHONGYANG GROUP,Iran
ZHONGYANG GROUP,Japan
ZHONGYANG GROUP,Malaysia
ZHONGYANG GROUP,Mozambique
ZHONGYANG GROUP,Republic of Korea
ZHONGYANG GROUP,Taiwan
ZHONGYANG GROUP,United States of America
ZHOUSHAN JIADE INTERNATIONAL FISHERIES,Argentina
ZHOUSHAN PUTUO HUAXING AQUATIC PRODUCT CO LTD,China
ZONECO GROUP CO LTD,China
